set4,set5,set1,set2,set3
003511_01_03_199.png,000994_01_01_170.png,003976_03_01_196.png,003888_02_02_113.png,001372_05_02_057.png
001999_05_03_066.png,002596_01_03_182.png,003671_05_01_212.png,000646_10_01_152.png,004013_01_02_048.png
001759_08_02_177.png,003580_06_01_160.png,004030_01_02_179.png,003511_02_03_161.png,000374_06_02_162.png
000785_01_02_046.png,001334_03_01_132.png,001115_02_02_135.png,003171_08_02_086.png,004022_01_02_187.png
003991_01_03_062.png,003022_05_01_103.png,002720_02_02_127.png,000397_03_01_217.png,001803_01_02_129.png
003565_02_02_116.png,002576_02_01_058.png,000694_01_02_152.png,003722_03_02_190.png,001276_01_02_161.png
000571_03_02_135.png,001119_01_01_193.png,001925_04_03_177.png,003719_05_02_229.png,001418_01_02_102.png
003580_04_01_087.png,000250_03_02_120.png,001572_03_03_095.png,003818_01_01_190.png,001751_05_02_130.png
002110_08_02_112.png,000569_08_03_107.png,002701_04_03_169.png,001372_01_01_160.png,000397_05_02_196.png
000293_01_01_157.png,001684_05_02_109.png,001759_07_02_175.png,000020_03_01_134.png,001372_01_01_052.png
002823_01_02_211.png,001559_04_02_163.png,001820_01_01_196.png,003404_01_02_159.png,002654_01_02_047.png
000396_07_02_097.png,000476_03_02_160.png,002936_01_03_186.png,000767_04_01_094.png,000569_11_03_118.png
001334_06_01_123.png,001757_06_02_146.png,002970_05_02_208.png,001418_01_02_117.png,003171_11_01_083.png
000644_07_02_125.png,001215_02_01_245.png,003574_02_03_104.png,002351_02_02_144.png,000230_05_01_165.png
000374_05_02_195.png,002701_02_02_110.png,003171_07_01_089.png,001559_01_02_267.png,001999_04_02_057.png
001559_03_02_157.png,001684_08_02_110.png,001559_02_02_232.png,000397_04_01_242.png,001684_05_02_147.png
004048_01_01_140.png,000397_07_02_124.png,003870_01_01_158.png,003072_01_02_197.png,001563_01_01_131.png
000628_01_01_010.png,003429_07_01_109.png,003859_01_01_160.png,001684_08_02_147.png,003148_02_01_033.png
001745_02_01_080.png,002414_02_03_136.png,001765_01_02_159.png,003036_01_01_201.png,001559_02_02_247.png
001317_01_02_157.png,002110_04_02_082.png,003148_03_03_091.png,003616_01_01_259.png,001215_03_02_253.png
002596_07_03_119.png,000945_02_01_188.png,000238_04_03_079.png,000230_02_01_157.png,000397_05_02_209.png
002435_01_01_237.png,002640_01_01_162.png,000945_01_01_172.png,001684_03_02_132.png,002414_03_02_121.png
002107_05_02_211.png,001329_01_02_195.png,002424_01_01_045.png,002107_02_02_152.png,002921_01_01_178.png
000767_02_01_184.png,000040_02_01_096.png,004132_05_01_056.png,000389_06_02_179.png,000020_04_01_159.png
000040_05_01_081.png,002110_15_03_151.png,001905_05_02_232.png,000397_04_01_229.png,001684_04_03_167.png
003580_08_01_170.png,001434_01_02_117.png,002336_03_01_206.png,001965_02_02_196.png,003413_03_02_176.png
001042_01_02_175.png,001006_02_02_058.png,002737_02_02_251.png,003171_06_01_076.png,002701_01_03_114.png
000328_08_03_180.png,002823_01_02_255.png,000293_06_03_161.png,001757_03_01_115.png,003171_02_01_079.png
002918_01_01_158.png,002143_01_02_109.png,000628_02_01_126.png,003244_01_02_113.png,003384_04_02_127.png
000855_01_01_020.png,001613_09_02_220.png,000821_02_01_080.png,003940_01_01_250.png,002047_01_02_197.png
000230_03_02_166.png,002701_04_03_095.png,000767_05_01_071.png,003170_01_01_181.png,003123_02_01_210.png
001684_06_02_114.png,004182_01_01_096.png,003211_01_02_102.png,001276_03_02_161.png,001684_11_02_156.png
004003_01_03_201.png,000250_02_02_134.png,002701_02_02_166.png,001334_01_01_121.png,003580_11_01_148.png
000397_02_01_180.png,000738_02_01_101.png,003719_03_01_174.png,003517_01_02_151.png,003166_01_01_170.png
003564_02_02_095.png,003429_07_01_126.png,003924_01_02_110.png,002219_01_02_136.png,002639_06_01_128.png
000816_01_02_154.png,001227_03_01_177.png,002701_03_02_240.png,000250_03_02_146.png,002598_01_03_069.png
000293_05_02_191.png,002107_03_01_143.png,002331_02_01_092.png,000644_06_02_168.png,003022_03_01_107.png
000785_03_02_195.png,000504_05_02_148.png,000767_07_01_172.png,001012_02_03_139.png,003671_02_01_254.png
001474_02_02_156.png,001684_05_02_108.png,002119_01_02_203.png,000354_01_01_060.png,003863_02_03_088.png
004377_01_02_068.png,002776_02_01_041.png,002336_03_01_207.png,003671_05_01_116.png,002414_03_02_120.png
003991_01_03_148.png,001693_01_01_111.png,003171_07_01_077.png,003211_04_02_226.png,001430_02_02_137.png
002701_03_02_174.png,002336_05_02_217.png,002292_03_01_166.png,003281_02_01_134.png,001372_02_01_089.png
002045_02_01_087.png,000767_06_01_089.png,001215_01_02_235.png,000268_03_03_141.png,002978_01_02_050.png
001742_04_02_078.png,002414_03_02_159.png,003293_01_02_134.png,003171_12_01_018.png,002248_01_02_228.png
001227_02_01_182.png,002464_01_01_243.png,000625_02_02_078.png,002414_02_03_182.png,000963_09_03_188.png
000571_06_03_137.png,002010_03_01_096.png,000567_02_01_180.png,004202_01_02_155.png,001757_06_02_102.png
000585_01_01_028.png,000963_06_02_058.png,002596_03_03_112.png,002944_09_02_081.png,000628_03_01_053.png
000571_02_02_152.png,003022_02_01_018.png,003171_12_01_020.png,001079_02_01_146.png,003022_03_01_214.png
000646_08_01_194.png,001559_01_02_210.png,002107_04_01_166.png,001559_03_02_246.png,001027_01_01_127.png
000646_03_01_084.png,001559_04_02_195.png,001227_01_01_214.png,001757_01_02_088.png,004132_07_01_074.png
003581_01_03_199.png,001083_01_01_111.png,003149_01_02_210.png,003171_06_01_077.png,001205_04_01_141.png
002965_02_03_146.png,002107_03_01_141.png,000397_02_01_120.png,002010_01_02_319.png,004161_01_01_161.png
002110_17_02_185.png,000571_04_02_138.png,000040_04_01_085.png,000397_02_01_169.png,001757_01_02_141.png
003719_01_03_113.png,003406_01_02_058.png,003171_10_01_095.png,001797_01_02_197.png,002944_03_02_079.png
002073_01_01_206.png,001559_03_02_232.png,002284_02_03_217.png,000622_02_02_173.png,002414_04_02_133.png
000226_03_01_089.png,002107_05_02_153.png,001655_01_01_063.png,001684_07_02_126.png,001820_01_01_215.png
004363_01_02_088.png,003211_05_02_118.png,001012_02_03_144.png,002110_02_02_097.png,003209_05_02_186.png
001684_06_02_115.png,001276_01_02_151.png,000622_01_01_172.png,004197_01_02_200.png,000992_05_04_023.png
000328_08_03_172.png,000230_05_01_233.png,002701_06_02_090.png,002607_01_02_091.png,003991_01_03_215.png
000397_03_01_203.png,001655_01_01_205.png,003209_06_01_192.png,003171_07_01_090.png,000247_03_01_202.png
003353_01_02_073.png,003888_03_02_368.png,001083_04_01_094.png,001973_02_02_029.png,003148_01_01_165.png
003171_06_01_071.png,003978_01_02_193.png,003635_01_01_191.png,001759_07_02_171.png,001215_04_01_076.png
000557_01_01_206.png,002576_02_01_265.png,000688_04_02_129.png,001751_06_02_138.png,002107_02_02_216.png
003304_02_01_175.png,002177_05_01_223.png,003132_01_01_032.png,001276_04_02_103.png,002110_06_02_123.png
003171_06_01_073.png,001559_03_02_220.png,001372_04_02_136.png,004030_01_02_164.png,001569_03_02_066.png
001276_01_02_106.png,000504_05_02_200.png,000735_03_01_188.png,003413_03_02_170.png,003211_05_02_246.png
002598_06_03_067.png,000509_01_02_138.png,002680_05_02_182.png,001372_05_02_095.png,000230_04_01_174.png
000397_07_02_168.png,000571_07_02_139.png,002027_02_02_093.png,000293_05_02_176.png,002680_01_02_170.png
002855_01_02_075.png,001012_05_02_162.png,002027_02_02_087.png,003511_01_03_170.png,003211_01_02_227.png
001670_01_02_072.png,002701_02_02_162.png,001684_04_03_123.png,001083_05_01_114.png,000735_03_01_180.png
000767_03_01_193.png,000852_04_01_089.png,002776_01_01_045.png,003564_02_02_069.png,000391_03_01_278.png
000397_07_02_123.png,000374_05_02_166.png,001613_08_02_148.png,002758_02_01_157.png,003281_03_02_145.png
002680_04_03_180.png,002701_04_03_093.png,002248_02_02_235.png,003145_02_02_057.png,000992_11_02_187.png
001759_06_02_072.png,000250_02_02_113.png,003512_01_01_149.png,002837_01_02_148.png,003580_10_01_110.png
002107_04_01_215.png,000397_06_02_125.png,002944_11_02_079.png,000230_01_01_175.png,002011_03_01_111.png
001925_03_03_209.png,000569_09_02_106.png,002034_03_02_029.png,001372_01_01_081.png,000230_04_01_242.png
001372_02_01_128.png,003112_01_01_190.png,000389_06_02_217.png,000040_07_01_079.png,003118_01_02_192.png
000504_04_02_187.png,003907_04_01_245.png,000646_07_01_169.png,003580_07_01_136.png,000970_02_02_096.png
003118_01_02_146.png,000397_06_02_195.png,003148_03_03_092.png,003209_04_02_205.png,002701_05_02_122.png
000637_03_01_198.png,002701_04_03_116.png,003580_05_01_106.png,000020_04_01_116.png,002701_04_03_090.png
003863_03_03_074.png,001677_01_01_125.png,003803_01_01_149.png,000688_05_02_286.png,002954_01_01_036.png
000740_01_02_173.png,000852_02_01_106.png,000250_01_02_159.png,003991_01_03_287.png,002954_01_01_233.png
002336_01_02_048.png,000625_01_02_066.png,002944_05_03_084.png,001706_01_02_179.png,003719_02_02_164.png
002639_04_02_207.png,003612_01_01_177.png,002701_05_02_103.png,000476_03_02_152.png,001076_01_01_206.png
002701_01_03_251.png,003311_02_02_198.png,001215_01_02_223.png,004202_02_02_161.png,000721_02_01_116.png
000397_03_01_152.png,002248_02_02_111.png,002197_02_01_142.png,001788_01_02_225.png,001684_12_02_158.png
003022_06_01_090.png,000738_01_01_075.png,000293_06_03_176.png,004132_06_02_187.png,003413_02_02_115.png
003022_04_01_101.png,000293_06_03_154.png,003991_01_03_225.png,000694_01_02_244.png,003943_01_02_170.png
001707_01_01_148.png,002107_05_02_158.png,000396_06_03_108.png,001119_02_01_187.png,003177_02_02_175.png
000992_04_01_022.png,001559_04_02_226.png,000040_01_01_082.png,003857_01_01_160.png,001012_01_02_120.png
003580_05_01_176.png,002720_01_02_213.png,002965_01_02_137.png,003429_06_01_118.png,003404_03_02_100.png
000020_04_01_143.png,000391_01_02_286.png,003211_01_02_101.png,002045_01_01_096.png,002177_04_02_186.png
003429_06_01_114.png,003580_11_01_109.png,001869_02_02_066.png,001559_03_02_191.png,000302_03_02_049.png
003722_02_03_180.png,000646_04_01_082.png,002701_01_03_185.png,000030_02_01_239.png,004245_01_01_089.png
003394_03_02_085.png,001083_08_01_045.png,003182_02_03_211.png,001334_05_01_124.png,000992_09_02_169.png
002680_02_02_175.png,001655_01_01_082.png,001613_08_02_217.png,003719_02_02_133.png,001925_03_03_101.png
003907_03_02_232.png,001334_04_01_112.png,003580_02_01_160.png,001684_03_02_131.png,004251_01_01_197.png
000268_02_02_147.png,000293_04_02_149.png,002843_02_01_179.png,001083_08_01_019.png,001983_06_02_131.png
002178_02_02_120.png,003928_01_01_129.png,002119_04_02_198.png,003580_08_01_159.png,001932_01_01_227.png
002045_01_01_089.png,001569_01_02_070.png,003916_01_01_085.png,003171_06_01_066.png,001043_02_03_175.png
000994_02_01_152.png,003574_01_01_103.png,001684_09_02_124.png,001092_02_02_205.png,001027_02_02_131.png
000571_08_02_168.png,000670_01_01_036.png,001803_01_02_236.png,004030_01_02_115.png,000785_04_02_188.png
003580_12_01_192.png,001706_01_02_082.png,000250_03_02_066.png,002197_03_02_146.png,002841_01_01_174.png
000625_02_02_070.png,003940_01_01_169.png,001042_01_02_129.png,000571_09_02_139.png,001684_05_02_132.png
000637_03_01_099.png,000226_01_01_070.png,001613_05_02_162.png,003166_01_01_155.png,002970_04_01_217.png
002596_04_03_111.png,000439_04_02_226.png,003580_01_02_046.png,001613_07_02_158.png,002639_05_01_141.png
003837_01_01_068.png,000670_02_02_176.png,001286_01_03_151.png,001083_09_01_224.png,002178_01_01_025.png
002701_05_02_168.png,003429_05_01_110.png,003991_01_03_191.png,003171_11_01_071.png,002292_01_01_148.png
000238_05_02_071.png,002036_01_01_126.png,000397_01_01_139.png,000821_01_01_017.png,003580_12_01_186.png
001276_04_02_173.png,000644_07_02_171.png,001292_03_02_133.png,000700_01_02_139.png,001613_09_02_152.png
001742_04_02_240.png,001742_03_01_235.png,003511_02_03_085.png,003976_01_02_180.png,002435_02_01_231.png
000785_02_02_042.png,004254_01_02_092.png,004030_01_02_190.png,002701_02_02_087.png,000767_07_01_104.png
001925_04_03_221.png,002110_06_02_091.png,002034_02_01_030.png,004132_01_01_077.png,001372_05_02_116.png
001313_01_02_137.png,002842_04_02_181.png,003671_05_01_204.png,000040_06_01_089.png,000293_01_01_185.png
000644_06_02_122.png,003429_06_01_088.png,003580_04_01_157.png,002177_08_01_196.png,003394_01_02_059.png
001079_01_02_149.png,000628_03_01_111.png,002520_01_02_245.png,000348_04_03_053.png,004132_04_01_064.png
000567_03_01_185.png,002507_01_01_179.png,001751_03_02_214.png,003940_01_01_120.png,003803_01_01_179.png
003171_08_02_094.png,004381_01_03_134.png,000961_02_03_150.png,000735_02_01_182.png,001372_03_01_143.png
000992_11_02_174.png,003211_05_02_133.png,003722_06_03_124.png,001375_01_01_130.png,001224_01_02_172.png
001006_02_02_135.png,001372_01_01_079.png,003404_02_02_161.png,004132_02_01_056.png,003429_08_02_121.png
003855_01_02_083.png,003429_02_01_113.png,001559_02_02_181.png,002107_03_01_207.png,002701_01_03_169.png
003171_03_01_080.png,002219_01_02_147.png,003389_02_02_113.png,002965_01_02_164.png,001217_03_02_052.png
001006_03_02_149.png,001684_04_03_165.png,004013_01_02_040.png,000571_08_02_150.png,001636_01_01_173.png
002720_01_02_120.png,000397_04_01_178.png,001119_01_01_246.png,002701_05_02_097.png,002701_02_02_089.png
002680_07_02_186.png,004400_01_01_231.png,001757_10_01_168.png,003888_01_02_119.png,004132_07_01_202.png
003939_01_01_148.png,004003_01_03_162.png,000569_17_02_101.png,000266_03_02_138.png,002596_07_03_204.png
001092_02_02_083.png,001757_03_01_160.png,004392_01_02_220.png,002107_05_02_161.png,002351_01_02_130.png
003511_02_03_185.png,001215_06_01_081.png,002596_06_02_115.png,003063_02_02_156.png,001449_01_01_087.png
002284_02_03_220.png,002596_07_03_092.png,000852_05_02_087.png,002654_01_02_092.png,003638_01_01_071.png
003171_05_01_080.png,002701_03_02_102.png,002464_02_01_206.png,001186_01_02_205.png,000293_02_01_168.png
000646_09_01_154.png,000571_07_02_123.png,003389_04_02_118.png,001023_08_02_295.png,002647_01_02_108.png
002507_01_01_178.png,000646_05_01_180.png,002737_02_02_069.png,002110_17_02_152.png,003389_03_02_121.png
001006_02_02_068.png,001292_05_01_126.png,001390_02_01_169.png,001684_05_02_146.png,002292_06_01_138.png
003907_02_01_236.png,004132_05_01_176.png,001751_04_03_114.png,000625_03_02_064.png,001717_01_02_059.png
003942_01_02_218.png,002047_01_02_132.png,001559_02_02_220.png,000396_05_01_078.png,001925_02_02_169.png
002837_01_02_092.png,000504_05_02_162.png,002107_04_01_161.png,003171_04_01_076.png,000767_06_01_145.png
000950_01_02_100.png,004030_01_02_130.png,003171_07_01_070.png,000097_02_02_134.png,003468_01_03_186.png
003580_03_01_154.png,000619_01_02_108.png,003209_01_02_179.png,003353_02_01_078.png,000478_05_02_109.png
003719_01_03_142.png,002653_04_01_171.png,002107_01_01_206.png,003841_02_01_094.png,001999_03_03_088.png
002107_01_01_155.png,002944_10_02_082.png,003599_01_02_232.png,001043_01_03_169.png,004363_01_02_108.png
000293_04_02_169.png,001042_02_02_166.png,001757_02_02_104.png,000374_06_02_189.png,000569_13_02_121.png
001684_09_02_165.png,001167_01_01_081.png,002596_04_03_172.png,003429_04_01_138.png,001113_01_01_131.png
003389_02_02_096.png,002596_01_03_183.png,003705_01_02_093.png,002177_05_01_199.png,002944_09_02_080.png
000462_01_01_059.png,001083_03_01_116.png,003719_05_02_124.png,003574_02_03_129.png,002954_01_01_225.png
001925_03_03_210.png,001522_03_02_041.png,000504_03_02_200.png,002034_01_01_135.png,000628_03_01_210.png
003730_01_03_147.png,003211_02_03_100.png,002234_01_01_224.png,002554_01_01_074.png,000013_01_01_044.png
001797_01_02_221.png,002010_04_02_220.png,001334_02_01_133.png,002720_02_02_171.png,003565_01_03_181.png
003211_02_03_225.png,001430_01_01_139.png,000625_01_02_058.png,001613_07_02_220.png,001006_01_02_054.png
002248_02_02_110.png,001205_04_01_180.png,003705_01_02_079.png,002110_04_02_118.png,002177_06_01_186.png
003599_03_02_252.png,001205_02_01_180.png,001757_06_02_144.png,002701_05_02_096.png,002336_02_01_215.png
001757_05_01_092.png,001745_02_01_083.png,001083_09_01_093.png,002342_01_01_131.png,001209_01_01_037.png
002596_03_03_172.png,002110_10_03_075.png,003564_01_02_093.png,000567_02_01_207.png,003511_03_03_193.png
002107_03_01_151.png,003564_01_02_072.png,004003_01_03_242.png,000207_04_01_191.png,002177_04_02_215.png
002680_06_02_191.png,003171_01_01_073.png,003841_01_01_127.png,000293_02_01_137.png,004392_01_02_215.png
002758_01_01_202.png,000397_06_02_186.png,004161_01_01_138.png,002045_02_01_084.png,001925_04_03_093.png
000628_01_01_012.png,000963_08_02_149.png,001905_05_02_221.png,001559_03_02_184.png,001083_06_01_091.png
002177_03_01_190.png,001742_05_02_062.png,002177_07_01_186.png,003281_02_01_130.png,003991_01_03_271.png
000226_02_01_079.png,002944_11_02_197.png,002596_07_03_169.png,002598_01_03_119.png,003389_03_02_167.png
000226_03_01_093.png,003859_01_01_146.png,003841_02_01_115.png,002119_02_02_213.png,001006_03_02_083.png
003722_06_03_181.png,001205_02_01_143.png,000569_12_03_128.png,000637_07_01_119.png,001559_02_02_157.png
002110_08_02_072.png,001917_03_01_212.png,004377_01_02_189.png,002543_01_01_082.png,003991_01_03_174.png
002918_03_02_132.png,003389_02_02_152.png,001684_06_02_140.png,001684_07_02_150.png,000247_06_02_149.png
001372_03_01_066.png,000040_03_01_084.png,002207_01_02_140.png,003148_03_03_152.png,000721_05_01_108.png
002574_01_03_119.png,001670_01_02_088.png,002292_05_01_157.png,000289_02_02_206.png,002944_08_02_066.png
003991_01_03_084.png,002701_04_03_166.png,002871_01_01_090.png,002970_04_01_102.png,002701_05_02_229.png
003413_03_02_111.png,003389_02_02_140.png,003580_07_01_148.png,004132_06_02_064.png,000628_02_01_056.png
003389_04_02_167.png,000735_02_01_187.png,000569_06_02_116.png,000468_02_02_181.png,003515_01_02_212.png
001613_06_02_164.png,004132_03_01_059.png,000354_03_01_073.png,001042_02_02_143.png,000389_05_02_199.png
003924_01_02_115.png,003520_01_02_136.png,003171_10_01_078.png,002507_02_01_036.png,000992_08_02_171.png
000266_04_02_150.png,000646_08_01_189.png,002027_01_02_072.png,003511_01_03_094.png,002701_04_03_160.png
002680_03_02_193.png,003635_01_01_103.png,004400_01_01_277.png,000628_03_01_110.png,001670_02_02_097.png
000354_02_01_071.png,000992_10_03_183.png,003429_02_01_111.png,000970_03_02_076.png,002107_02_02_146.png
000637_04_01_113.png,000293_05_02_202.png,003211_04_02_101.png,002435_03_01_232.png,001227_05_01_219.png
000250_01_02_114.png,002248_01_02_109.png,001559_02_02_194.png,002292_04_01_161.png,001684_06_02_148.png
001742_02_03_049.png,000567_03_01_186.png,000646_02_01_168.png,003148_04_03_150.png,003067_01_01_080.png
001372_04_02_115.png,000625_03_02_071.png,002596_04_03_171.png,000961_04_03_164.png,001670_02_02_114.png
000293_06_03_138.png,000646_06_01_181.png,001684_04_03_124.png,000020_03_01_166.png,002034_04_02_226.png
003013_01_01_061.png,001083_07_01_244.png,001684_07_02_160.png,000852_03_01_091.png,003511_04_02_190.png
002110_02_02_057.png,003281_01_01_144.png,000619_02_02_149.png,001182_01_01_034.png,002414_04_02_171.png
002010_03_01_066.png,001006_01_02_055.png,000391_02_02_276.png,001006_01_02_147.png,003022_01_01_017.png
001684_09_02_164.png,002336_02_01_150.png,001863_03_02_019.png,000740_01_02_202.png,002034_04_02_181.png
003015_01_02_179.png,002119_07_02_224.png,003931_01_01_078.png,,003976_02_01_186.png
